{"options":{"awareOfChrome":false,"comment":null,"compat_arrayleft":false,"compat_foreach":false,"compat_forvarin":false,"compat_metadata":false,"compat_uW_gmonkey":false,"compat_wrappedjsobject":false,"compatopts_for_requires":true,"noframes":null,"override":{"merge_connects":true,"merge_excludes":true,"merge_includes":true,"merge_matches":true,"orig_connects":[],"orig_excludes":[],"orig_includes":["http://www.acfun.com/v/*","http://www.acfun.tv/v/*","http://acfun.tudou.com/v/*"],"orig_matches":[],"orig_noframes":null,"orig_run_at":"document-start","use_connects":["danmu.aixifan.com"],"use_excludes":[],"use_includes":[],"use_matches":[]},"run_at":null},"settings":{"enabled":true,"position":2},"meta":{"name":"AcFun ASS Danmaku Downloader","uuid":"91577628-07e8-4cde-b3ec-26ad840fa9d9","modified":1473254526286,"file_url":"https://tiansh.github.io/us-danmaku/acfun/AcFun_ASS_Danmaku_Downloader.user.js"}}