{"options":{"awareOfChrome":false,"comment":null,"compat_arrayleft":false,"compat_foreach":false,"compat_forvarin":false,"compat_metadata":false,"compat_uW_gmonkey":false,"compat_wrappedjsobject":false,"compatopts_for_requires":true,"noframes":null,"override":{"merge_connects":true,"merge_excludes":true,"merge_includes":true,"merge_matches":true,"orig_excludes":[],"orig_includes":["http://www.bilibili.com/video/av*","http://bangumi.bilibili.com/movie/*"],"orig_matches":[],"orig_noframes":null,"orig_run_at":"document-start","use_connects":["comment.bilibili.com","interface.bilibili.com"],"use_excludes":[],"use_includes":[],"use_matches":[]},"run_at":null},"settings":{"enabled":true,"position":1},"meta":{"name":"bilibili ASS Danmaku Downloader","uuid":"b196e69c-92e8-4886-b3e9-82044b12b18f","modified":1473226392374,"file_url":"https://tiansh.github.io/us-danmaku/bilibili/bilibili_ASS_Danmaku_Downloader.user.js"}}