{"options":{"awareOfChrome":false,"comment":null,"compat_arrayleft":false,"compat_foreach":false,"compat_forvarin":false,"compat_metadata":false,"compat_prototypes":true,"compat_uW_gmonkey":false,"compat_wrappedjsobject":false,"compatopts_for_requires":true,"noframes":null,"override":{"merge_connects":true,"merge_excludes":true,"merge_includes":true,"merge_matches":true,"orig_excludes":["*://apis.google.com/*","*://secure.bilibili.*/*","*://static-s.bilibili.*/*","*://ssl.bilibili.*/*","*://live.bilibili.*/*","*://docs.bilibili.*/*","*://member.bilibili.*/*"],"orig_includes":["*://*.bilibili.*/*","*://*.bilibili.*","*://*.bilibili.*","*://bilibili.*/*","*://www.iqiyi.com/*?newCid=*","*://comic.letv.com/*","*://static.loli.my/*","*://api.bilibili.*/*"],"orig_matches":[],"orig_noframes":null,"orig_run_at":"document-end","use_connects":[],"use_excludes":[],"use_includes":[],"use_matches":[]},"run_at":null},"settings":{"enabled":false,"position":7},"meta":{"name":"Bilibili Fixer - Perfect!","uuid":"040f16ef-464f-4abb-862e-106d13502d69","modified":1473226392417,"file_url":"https://greasyfork.org/scripts/663-bilibili-fixer-perfect/code/Bilibili%20Fixer%20-%20Perfect!.user.js"}}