{"options":{"awareOfChrome":false,"comment":null,"compat_arrayleft":false,"compat_foreach":false,"compat_forvarin":false,"compat_metadata":false,"compat_uW_gmonkey":false,"compat_wrappedjsobject":false,"compatopts_for_requires":true,"noframes":null,"override":{"merge_connects":true,"merge_excludes":true,"merge_includes":true,"merge_matches":true,"orig_excludes":[],"orig_includes":[],"orig_matches":["http://www.cnbeta.com/articles/*"],"orig_noframes":null,"orig_run_at":"document-end","use_blockers":[],"use_connects":[],"use_excludes":[],"use_includes":[],"use_matches":[]},"run_at":null},"settings":{"enabled":true,"position":10},"meta":{"name":"CB时光鸡","uuid":"96622dac-8090-4dc1-8d3d-d53366556fcc","modified":1473226392428,"file_url":"https://greasyfork.org/scripts/19119-cb%E6%97%B6%E5%85%89%E9%B8%A1/code/CB%E6%97%B6%E5%85%89%E9%B8%A1.user.js"}}