{"options":{"awareOfChrome":false,"comment":null,"compat_arrayleft":false,"compat_foreach":false,"compat_forvarin":false,"compat_metadata":false,"compat_uW_gmonkey":false,"compat_wrappedjsobject":false,"compatopts_for_requires":true,"noframes":null,"override":{"merge_connects":true,"merge_excludes":true,"merge_includes":true,"merge_matches":true,"orig_excludes":[],"orig_includes":["http://*.jd.com/*","https://*.jd.com/*","http://*.taobao.com/*","https://*.taobao.com/*","http://*.tmall.com/*","https://*.tmall.com/*","http://*.yixun.com/*","http://*.51buy.com/*","http://*.amazon.cn/*","http://*.yhd.com/*","http://*.suning.com/*","http://*.dangdang.com/*","http://*.gome.com.cn/*","http://*.newegg.cn/*","http://*.paipai.com/*"],"orig_matches":[],"orig_noframes":null,"orig_run_at":"document-idle","use_connects":[],"use_excludes":[],"use_includes":[],"use_matches":[]},"run_at":null},"settings":{"enabled":false,"position":8},"meta":{"name":"gwdang","uuid":"84e9861e-2a10-475a-b973-32068e7a05e1","modified":1473226392421,"file_url":"https://greasyfork.org/scripts/14466-%E8%B4%AD%E7%89%A9%E5%85%9A%E6%AF%94%E4%BB%B7%E5%B7%A5%E5%85%B7/code/%E8%B4%AD%E7%89%A9%E5%85%9A%E6%AF%94%E4%BB%B7%E5%B7%A5%E5%85%B7.user.js"}}