{"options":{"awareOfChrome":false,"comment":null,"compat_arrayleft":false,"compat_foreach":false,"compat_forvarin":false,"compat_metadata":false,"compat_uW_gmonkey":false,"compat_wrappedjsobject":false,"compatopts_for_requires":true,"noframes":null,"override":{"merge_connects":true,"merge_excludes":true,"merge_includes":true,"merge_matches":true,"orig_connects":["app.imdb.com","api.douban.com"],"orig_excludes":[],"orig_includes":[],"orig_matches":["*://movie.douban.com/subject/*","http://www.imdb.com/title/tt*"],"orig_noframes":null,"orig_run_at":"document-idle","use_connects":["app.imdb.com","api.douban.com"],"use_excludes":[],"use_includes":[],"use_matches":[]},"run_at":null},"settings":{"enabled":true,"position":3},"meta":{"name":"MoreMovieRatings","uuid":"0f24375f-be1d-4d27-a57a-9743265592bf","modified":1479237728475,"file_url":"https://greasyfork.org/scripts/7687-moremovieratings/code/MoreMovieRatings.user.js"}}