{"options":{"awareOfChrome":false,"comment":null,"compat_arrayleft":false,"compat_foreach":false,"compat_forvarin":false,"compat_metadata":false,"compat_uW_gmonkey":false,"compat_wrappedjsobject":false,"compatopts_for_requires":true,"noframes":null,"override":{"merge_connects":true,"merge_excludes":true,"merge_includes":true,"merge_matches":true,"orig_excludes":[],"orig_includes":[],"orig_matches":["http://item.m.jd.com/*"],"orig_noframes":null,"orig_run_at":"document-idle","use_blockers":[],"use_connects":[],"use_excludes":[],"use_includes":[],"use_matches":[]},"run_at":null},"settings":{"enabled":true,"position":11},"meta":{"name":"将京东手机版网页转换为PC版网页","uuid":"388ede2b-d99d-49a8-90db-5264b21ed7e3","modified":1473226392432,"file_url":"https://greasyfork.org/scripts/14786-%E5%B0%86%E4%BA%AC%E4%B8%9C%E6%89%8B%E6%9C%BA%E7%89%88%E7%BD%91%E9%A1%B5%E8%BD%AC%E6%8D%A2%E4%B8%BApc%E7%89%88%E7%BD%91%E9%A1%B5/code/%E5%B0%86%E4%BA%AC%E4%B8%9C%E6%89%8B%E6%9C%BA%E7%89%88%E7%BD%91%E9%A1%B5%E8%BD%AC%E6%8D%A2%E4%B8%BAPC%E7%89%88%E7%BD%91%E9%A1%B5.user.js"}}