{"data":{"SeShowConfig":"sse_show_config={\"百度\":{\"show\":1,\"收录\":1,\"1天内\":0,\"7天内\":0,\"1月内\":0,\"外链\":1,\"快照日期\":0,\"首页位置\":1},\"谷歌\":{\"show\":1,\"收录\":1,\"外链\":1,\"ＰＲ\":1},\"雅虎\":{\"show\":1,\"收录\":1,\"外链\":1},\"搜狗\":{\"show\":1,\"收录\":1,\"外链\":1,\"评级\":0},\"搜搜\":{\"show\":1,\"收录\":1,\"外链\":1},\"有道\":{\"show\":1,\"收录\":1,\"外链\":1},\"必应\":{\"show\":1,\"收录\":1,\"外链\":1},\"alex\":{\"show\":1,\"昨日排名\":1,\"七天平均\":1,\"三月平均\":1},\"域名\":{\"show\":0,\"注册时间\":0}};","run_auto":"btrue","run_key":"sF9"},"ts":1473226392396}