{"options":{"awareOfChrome":false,"comment":null,"compat_arrayleft":false,"compat_foreach":false,"compat_forvarin":false,"compat_metadata":false,"compat_uW_gmonkey":false,"compat_wrappedjsobject":false,"compatopts_for_requires":true,"noframes":null,"override":{"merge_connects":true,"merge_excludes":true,"merge_includes":true,"merge_matches":true,"orig_excludes":["http://*.google.*/*","http://localhost*/*","http://*.baidu.com/*","http://*.sogou.com/*","http://*.youdao.com/*","http://192.168*","http://127.0*"],"orig_includes":["http://*"],"orig_matches":[],"orig_noframes":null,"orig_run_at":"document-idle","use_connects":[],"use_excludes":[],"use_includes":[],"use_matches":[]},"run_at":null},"settings":{"enabled":false,"position":4},"meta":{"name":"显示网站收录数和反向链接数","uuid":"e8bc0abd-536c-453f-a81e-b3ef25c056e2","modified":1473226392391,"file_url":"http://userscripts-mirror.org/scripts/source/56095.user.js"}}