{"options":{"awareOfChrome":false,"comment":null,"compat_arrayleft":false,"compat_foreach":false,"compat_forvarin":false,"compat_metadata":false,"compat_uW_gmonkey":false,"compat_wrappedjsobject":false,"compatopts_for_requires":true,"noframes":null,"override":{"merge_connects":true,"merge_excludes":true,"merge_includes":true,"merge_matches":true,"orig_connects":[],"orig_excludes":[],"orig_includes":[],"orig_matches":["*://pan.baidu.com/*","*://yun.baidu.com/*"],"orig_noframes":null,"orig_run_at":"document-idle","use_blockers":[],"use_connects":[],"use_excludes":[],"use_includes":[],"use_matches":[]},"run_at":null},"settings":{"enabled":true,"position":13},"meta":{"name":"阻止百度网盘跳转HTTPS","uuid":"57ef84e1-6c78-4e7f-bc37-a365ea4492a4","modified":1478779930505,"file_url":"https://greasyfork.org/scripts/22208-%E9%98%BB%E6%AD%A2%E7%99%BE%E5%BA%A6%E7%BD%91%E7%9B%98%E8%B7%B3%E8%BD%AChttps/code/%E9%98%BB%E6%AD%A2%E7%99%BE%E5%BA%A6%E7%BD%91%E7%9B%98%E8%B7%B3%E8%BD%ACHTTPS.user.js"}}